interaction_id,customer_id,interaction_date,interaction_type
1,943,2021-06-29,Feedback
2,881,2021-08-07,Inquiry
3,603,2021-03-28,Complaint
4,821,2020-12-09,Complaint
5,178,2021-09-09,Feedback
6,297,2020-12-27,Inquiry
7,88,2021-04-27,Feedback
8,392,2020-05-29,Inquiry
9,866,2021-03-23,Feedback
10,309,2021-12-10,Complaint
11,454,2022-02-21,Feedback
12,670,2020-10-12,Inquiry
13,881,2021-09-23,Feedback
14,962,2020-10-31,Complaint
15,852,2020-08-06,Complaint
16,690,2020-07-28,Feedback
17,163,2021-10-28,Complaint
18,337,2021-12-17,Feedback
19,860,2020-11-02,Complaint
20,714,2021-10-14,Complaint
21,796,2021-05-14,Inquiry
22,842,2021-04-17,Complaint
23,207,2020-07-10,Inquiry
24,251,2021-09-07,Inquiry
25,144,2022-01-29,Feedback
26,90,2021-12-05,Complaint
27,754,2021-10-08,Inquiry
28,263,2020-06-12,Complaint
29,357,2021-04-26,Feedback
30,971,2021-12-25,Inquiry
31,213,2020-11-28,Complaint
32,272,2021-08-01,Complaint
33,381,2020-12-15,Inquiry
34,261,2020-11-25,Inquiry
35,279,2022-03-14,Feedback
36,493,2020-06-27,Complaint
37,991,2020-07-06,Feedback
38,934,2021-04-10,Inquiry
39,913,2021-09-26,Inquiry
40,140,2021-08-02,Complaint
41,943,2020-11-05,Feedback
42,538,2020-12-29,Complaint
43,314,2021-08-06,Complaint
44,913,2021-04-16,Complaint
45,28,2022-03-06,Complaint
46,223,2020-11-08,Complaint
47,357,2022-03-26,Inquiry
48,751,2020-12-15,Inquiry
49,28,2020-08-14,Feedback
50,911,2021-05-26,Complaint
51,220,2022-04-09,Complaint
52,199,2021-08-22,Complaint
53,282,2020-12-27,Inquiry
54,255,2021-10-29,Inquiry
55,635,2021-11-12,Complaint
56,598,2020-06-18,Inquiry
57,876,2020-11-07,Feedback
58,697,2020-06-25,Complaint
59,75,2022-02-14,Complaint
60,296,2022-04-25,Complaint
61,422,2020-09-21,Feedback
62,998,2022-04-30,Inquiry
63,782,2021-01-21,Inquiry
64,412,2021-09-23,Complaint
65,5,2021-11-17,Inquiry
66,267,2022-03-16,Inquiry
67,689,2021-09-07,Feedback
68,912,2021-03-15,Complaint
69,128,2021-09-05,Feedback
70,853,2020-11-28,Feedback
71,94,2020-06-03,Inquiry
72,657,2020-08-28,Inquiry
73,667,2020-09-09,Feedback
74,129,2020-06-14,Inquiry
75,623,2021-10-27,Feedback
76,974,2021-03-16,Feedback
77,325,2021-08-04,Complaint
78,225,2021-11-29,Inquiry
79,310,2021-03-17,Feedback
80,843,2021-12-16,Complaint
81,24,2021-05-30,Feedback
82,406,2021-08-27,Inquiry
83,156,2021-07-07,Inquiry
84,418,2021-01-25,Inquiry
85,617,2022-02-24,Feedback
86,134,2021-09-04,Complaint
87,993,2021-05-29,Feedback
88,241,2022-02-04,Complaint
89,238,2020-10-18,Complaint
90,518,2021-01-17,Inquiry
91,314,2022-02-14,Complaint
92,256,2020-08-18,Feedback
93,210,2020-11-17,Complaint
94,425,2021-06-17,Feedback
95,677,2020-09-19,Inquiry
96,940,2021-04-28,Inquiry
97,196,2021-04-11,Complaint
98,833,2020-10-08,Feedback
99,381,2020-10-06,Inquiry
100,553,2021-07-28,Complaint
101,542,2021-10-19,Feedback
102,226,2022-04-13,Feedback
103,262,2021-01-05,Inquiry
104,962,2020-09-02,Complaint
105,896,2020-10-23,Inquiry
106,722,2022-03-07,Complaint
107,682,2020-07-22,Complaint
108,224,2020-12-02,Complaint
109,411,2021-06-11,Complaint
110,541,2021-08-13,Feedback
111,875,2020-08-30,Inquiry
112,346,2020-09-29,Inquiry
113,315,2021-10-12,Complaint
114,950,2021-02-12,Complaint
115,250,2022-04-08,Feedback
116,142,2021-04-29,Feedback
117,364,2021-05-16,Complaint
118,751,2020-06-15,Feedback
119,924,2021-06-11,Complaint
120,552,2021-08-19,Inquiry
121,516,2021-07-04,Complaint
122,924,2022-01-24,Feedback
123,518,2020-09-27,Complaint
124,740,2020-07-02,Feedback
125,958,2020-09-27,Feedback
126,92,2021-01-16,Feedback
127,878,2022-04-29,Complaint
128,521,2020-09-03,Inquiry
129,986,2022-02-12,Inquiry
130,208,2022-02-24,Complaint
131,861,2021-09-08,Feedback
132,617,2022-02-20,Inquiry
133,125,2021-11-15,Inquiry
134,487,2021-04-11,Inquiry
135,557,2021-09-09,Inquiry
136,145,2020-09-25,Feedback
137,407,2021-04-22,Complaint
138,239,2022-02-18,Inquiry
139,16,2021-08-15,Inquiry
140,47,2021-10-12,Feedback
141,310,2021-06-15,Inquiry
142,3,2021-10-30,Inquiry
143,244,2021-06-26,Inquiry
144,676,2020-11-07,Complaint
145,899,2020-09-18,Complaint
146,765,2020-10-28,Feedback
147,434,2021-11-27,Feedback
148,948,2020-07-10,Inquiry
149,340,2021-03-15,Complaint
150,644,2021-04-15,Feedback
151,246,2020-10-03,Feedback
152,518,2022-01-27,Feedback
153,202,2022-01-03,Inquiry
154,524,2022-03-25,Feedback
155,441,2022-04-13,Complaint
156,705,2022-04-27,Inquiry
157,223,2021-03-11,Inquiry
158,623,2022-02-13,Feedback
159,878,2020-06-26,Complaint
160,255,2020-07-18,Inquiry
161,536,2022-01-03,Feedback
162,779,2020-07-03,Feedback
163,664,2021-07-18,Feedback
164,665,2021-11-26,Feedback
165,177,2020-10-11,Complaint
166,791,2022-05-06,Inquiry
167,203,2022-01-16,Feedback
168,577,2022-01-16,Feedback
169,553,2022-02-16,Complaint
170,237,2021-11-07,Feedback
171,812,2021-11-18,Feedback
172,909,2021-11-07,Inquiry
173,239,2022-01-24,Inquiry
174,610,2021-12-07,Complaint
175,928,2021-03-25,Inquiry
176,840,2021-08-09,Complaint
177,308,2021-11-03,Complaint
178,899,2022-04-30,Complaint
179,927,2020-07-26,Complaint
180,590,2022-01-22,Feedback
181,711,2021-07-08,Feedback
182,91,2020-12-01,Feedback
183,33,2020-11-16,Inquiry
184,938,2022-05-12,Feedback
185,27,2022-03-20,Feedback
186,993,2020-05-30,Inquiry
187,966,2021-03-19,Inquiry
188,894,2021-10-31,Inquiry
189,832,2020-11-11,Complaint
190,400,2020-09-18,Inquiry
191,186,2022-03-18,Complaint
192,576,2021-05-13,Complaint
193,589,2021-01-23,Feedback
194,305,2022-02-05,Complaint
195,593,2021-03-13,Inquiry
196,220,2020-06-03,Complaint
197,482,2021-11-25,Complaint
198,756,2022-05-01,Inquiry
199,983,2021-10-20,Feedback
200,178,2020-07-04,Feedback
201,79,2021-11-29,Inquiry
202,159,2020-06-06,Feedback
203,638,2021-12-09,Feedback
204,80,2021-11-10,Inquiry
205,670,2022-03-17,Complaint
206,1000,2022-03-14,Feedback
207,556,2021-02-28,Feedback
208,168,2020-11-22,Inquiry
209,261,2020-11-20,Feedback
210,364,2021-07-10,Feedback
211,927,2021-03-02,Complaint
212,72,2021-06-23,Complaint
213,907,2022-04-03,Inquiry
214,634,2020-09-19,Feedback
215,19,2021-09-04,Feedback
216,364,2021-03-12,Inquiry
217,954,2022-03-07,Complaint
218,642,2020-10-27,Complaint
219,741,2022-05-08,Inquiry
220,250,2022-02-27,Feedback
221,385,2021-01-01,Complaint
222,447,2022-01-12,Feedback
223,955,2021-04-26,Complaint
224,400,2022-04-15,Feedback
225,360,2020-11-27,Feedback
226,435,2021-03-13,Inquiry
227,941,2020-09-09,Inquiry
228,986,2020-06-29,Feedback
229,29,2022-04-01,Inquiry
230,622,2020-10-01,Complaint
231,860,2022-05-15,Complaint
232,742,2021-06-01,Complaint
233,543,2020-12-07,Feedback
234,387,2021-12-30,Feedback
235,405,2020-10-31,Inquiry
236,172,2021-08-05,Complaint
237,594,2020-12-24,Inquiry
238,118,2021-04-01,Complaint
239,217,2021-03-03,Inquiry
240,546,2021-10-07,Complaint
241,684,2021-10-09,Feedback
242,844,2022-04-29,Complaint
243,586,2020-11-19,Inquiry
244,789,2022-05-06,Feedback
245,542,2020-07-24,Complaint
246,988,2021-10-27,Inquiry
247,498,2020-10-10,Complaint
248,525,2021-03-20,Complaint
249,255,2021-05-07,Feedback
250,817,2021-11-27,Inquiry
251,433,2021-06-02,Complaint
252,674,2021-07-26,Complaint
253,165,2021-04-20,Inquiry
254,993,2021-11-15,Inquiry
255,885,2021-11-04,Feedback
256,609,2020-06-17,Feedback
257,343,2020-11-05,Inquiry
258,776,2020-11-15,Complaint
259,690,2020-12-22,Feedback
260,393,2021-02-25,Feedback
261,926,2021-12-17,Feedback
262,867,2021-05-25,Inquiry
263,570,2021-05-24,Feedback
264,723,2021-01-10,Feedback
265,451,2021-03-07,Inquiry
266,10,2020-06-12,Complaint
267,85,2020-06-14,Inquiry
268,797,2022-02-13,Complaint
269,161,2021-12-10,Inquiry
270,296,2020-10-01,Inquiry
271,256,2021-10-18,Complaint
272,343,2021-07-14,Feedback
273,413,2022-02-07,Feedback
274,92,2022-04-10,Feedback
275,936,2021-01-19,Inquiry
276,486,2020-06-23,Feedback
277,179,2020-07-30,Feedback
278,274,2021-09-11,Feedback
279,55,2021-07-27,Feedback
280,719,2022-03-19,Feedback
281,640,2021-06-30,Complaint
282,348,2021-06-15,Inquiry
283,375,2021-05-09,Feedback
284,201,2020-12-21,Inquiry
285,432,2021-04-05,Complaint
286,260,2020-07-05,Complaint
287,441,2021-11-05,Feedback
288,958,2021-04-24,Complaint
289,57,2021-10-23,Feedback
290,971,2021-05-30,Feedback
291,149,2020-06-05,Complaint
292,968,2020-09-12,Feedback
293,89,2021-09-06,Inquiry
294,569,2021-05-22,Complaint
295,524,2020-06-04,Inquiry
296,44,2021-02-12,Feedback
297,889,2021-11-24,Inquiry
298,603,2022-05-12,Complaint
299,14,2021-01-03,Feedback
300,987,2021-07-27,Inquiry
301,66,2021-04-20,Complaint
302,514,2021-08-03,Complaint
303,269,2021-01-06,Inquiry
304,71,2021-09-29,Inquiry
305,867,2020-06-30,Complaint
306,181,2020-06-01,Complaint
307,301,2020-06-02,Complaint
308,284,2021-06-23,Inquiry
309,862,2022-03-15,Inquiry
310,271,2021-06-18,Complaint
311,474,2021-12-17,Feedback
312,881,2021-11-25,Inquiry
313,980,2021-11-19,Complaint
314,673,2022-04-14,Feedback
315,700,2021-06-11,Inquiry
316,6,2022-01-05,Inquiry
317,627,2020-07-21,Complaint
318,433,2021-09-19,Inquiry
319,900,2022-01-24,Feedback
320,358,2021-12-08,Complaint
321,418,2020-12-10,Feedback
322,254,2020-06-07,Inquiry
323,368,2021-01-17,Complaint
324,192,2022-01-09,Inquiry
325,187,2021-03-06,Feedback
326,709,2021-10-19,Feedback
327,36,2021-11-25,Inquiry
328,841,2021-01-09,Feedback
329,651,2021-07-22,Feedback
330,215,2020-11-03,Complaint
331,237,2021-04-08,Feedback
332,92,2021-02-21,Inquiry
333,221,2020-11-03,Inquiry
334,693,2021-07-12,Feedback
335,680,2021-08-08,Feedback
336,437,2021-08-23,Feedback
337,328,2022-02-14,Feedback
338,497,2022-04-28,Complaint
339,271,2021-02-25,Complaint
340,336,2021-11-14,Feedback
341,12,2022-05-17,Inquiry
342,479,2022-03-09,Inquiry
343,866,2020-11-30,Feedback
344,275,2021-04-15,Inquiry
345,971,2021-11-26,Complaint
346,322,2021-03-31,Inquiry
347,378,2020-11-25,Feedback
348,435,2020-10-20,Inquiry
349,92,2021-12-12,Inquiry
350,817,2022-01-07,Feedback
351,979,2020-10-02,Inquiry
352,901,2022-01-20,Inquiry
353,857,2021-05-04,Complaint
354,643,2021-03-12,Complaint
355,799,2021-12-20,Inquiry
356,755,2021-05-25,Feedback
357,770,2021-11-03,Inquiry
358,324,2021-02-28,Inquiry
359,602,2021-09-17,Complaint
360,498,2021-08-25,Complaint
361,573,2021-05-31,Inquiry
362,507,2022-05-05,Complaint
363,1,2021-03-23,Inquiry
364,563,2022-05-08,Complaint
365,367,2020-08-30,Complaint
366,22,2020-07-16,Feedback
367,951,2021-07-04,Feedback
368,935,2022-02-23,Complaint
369,860,2020-07-12,Feedback
370,170,2022-03-24,Complaint
371,402,2020-11-17,Feedback
372,76,2021-02-28,Complaint
373,777,2020-10-30,Inquiry
374,416,2022-02-11,Complaint
375,991,2020-12-26,Inquiry
376,83,2021-10-21,Inquiry
377,39,2021-03-26,Inquiry
378,671,2022-05-20,Feedback
379,438,2021-11-16,Inquiry
380,752,2022-03-08,Complaint
381,496,2021-02-14,Complaint
382,576,2021-06-17,Inquiry
383,271,2020-10-11,Inquiry
384,516,2021-05-29,Complaint
385,96,2021-12-21,Feedback
386,703,2022-04-15,Complaint
387,818,2021-04-08,Inquiry
388,303,2020-12-13,Inquiry
389,449,2021-09-05,Complaint
390,978,2021-12-16,Feedback
391,776,2021-06-03,Feedback
392,208,2021-12-25,Inquiry
393,478,2020-08-26,Feedback
394,742,2021-02-03,Complaint
395,127,2021-12-04,Inquiry
396,63,2021-10-27,Complaint
397,108,2021-05-09,Inquiry
398,68,2021-06-06,Feedback
399,969,2020-11-06,Feedback
400,29,2021-01-21,Complaint
401,721,2021-01-25,Feedback
402,475,2020-06-01,Complaint
403,665,2020-12-30,Inquiry
404,886,2021-06-09,Complaint
405,681,2022-01-07,Feedback
406,6,2022-03-16,Inquiry
407,921,2021-02-25,Feedback
408,356,2021-08-26,Feedback
409,955,2020-07-17,Inquiry
410,509,2020-10-10,Inquiry
411,57,2022-01-27,Feedback
412,598,2020-11-18,Feedback
413,757,2020-10-16,Inquiry
414,872,2021-11-28,Feedback
415,40,2021-05-22,Inquiry
416,882,2022-04-20,Feedback
417,242,2021-07-20,Inquiry
418,318,2020-08-21,Inquiry
419,73,2021-05-14,Feedback
420,439,2021-03-19,Feedback
421,648,2021-05-09,Feedback
422,294,2021-06-25,Feedback
423,287,2022-02-15,Inquiry
424,438,2020-11-02,Inquiry
425,820,2021-12-08,Inquiry
426,773,2021-05-17,Feedback
427,159,2020-07-23,Inquiry
428,630,2021-12-30,Complaint
429,479,2020-09-02,Complaint
430,89,2020-12-09,Feedback
431,109,2022-04-10,Complaint
432,742,2020-11-13,Feedback
433,196,2021-11-01,Inquiry
434,968,2021-11-18,Feedback
435,569,2021-07-19,Inquiry
436,437,2020-05-29,Complaint
437,844,2021-03-06,Inquiry
438,156,2022-05-01,Inquiry
439,802,2021-09-29,Feedback
440,393,2022-05-02,Feedback
441,36,2021-09-11,Complaint
442,315,2021-07-27,Inquiry
443,876,2021-11-20,Inquiry
444,800,2020-07-26,Feedback
445,222,2022-01-28,Feedback
446,182,2021-04-08,Inquiry
447,830,2021-01-11,Complaint
448,61,2021-11-25,Inquiry
449,414,2022-01-25,Complaint
450,554,2022-01-19,Inquiry
451,746,2020-07-24,Feedback
452,50,2022-04-29,Feedback
453,614,2021-01-09,Complaint
454,25,2022-02-06,Complaint
455,221,2020-10-17,Complaint
456,176,2020-06-11,Feedback
457,56,2021-05-02,Inquiry
458,543,2021-02-14,Inquiry
459,303,2020-09-23,Complaint
460,628,2021-06-02,Inquiry
461,929,2022-02-10,Feedback
462,902,2021-02-22,Complaint
463,233,2022-01-10,Complaint
464,586,2021-11-28,Complaint
465,761,2021-05-18,Inquiry
466,351,2020-09-24,Complaint
467,146,2020-11-24,Complaint
468,740,2020-10-17,Feedback
469,477,2021-08-18,Inquiry
470,803,2020-12-29,Complaint
471,53,2022-01-24,Feedback
472,133,2020-06-14,Inquiry
473,996,2020-06-30,Feedback
474,146,2020-11-18,Complaint
475,73,2022-01-12,Inquiry
476,727,2021-12-01,Inquiry
477,654,2021-03-05,Feedback
478,904,2021-06-11,Feedback
479,620,2020-09-28,Complaint
480,98,2021-04-23,Complaint
481,886,2022-02-08,Inquiry
482,408,2022-05-23,Feedback
483,522,2021-06-15,Feedback
484,900,2022-02-27,Complaint
485,694,2020-09-18,Feedback
486,171,2021-02-13,Complaint
487,352,2020-11-08,Complaint
488,838,2020-09-08,Complaint
489,999,2021-03-11,Complaint
490,784,2021-11-07,Complaint
491,491,2021-06-01,Inquiry
492,119,2021-01-04,Feedback
493,310,2020-09-15,Complaint
494,981,2021-10-23,Complaint
495,955,2021-09-16,Inquiry
496,801,2021-03-24,Complaint
497,689,2020-06-14,Inquiry
498,738,2021-09-24,Inquiry
499,725,2021-10-10,Complaint
500,21,2021-02-09,Inquiry
501,925,2021-09-13,Feedback
502,551,2020-06-10,Feedback
503,250,2022-05-06,Complaint
504,383,2022-03-01,Inquiry
505,930,2021-07-07,Feedback
506,605,2021-02-23,Complaint
507,599,2021-07-23,Feedback
508,211,2021-02-02,Feedback
509,768,2022-05-10,Feedback
510,385,2022-03-03,Inquiry
511,116,2021-03-18,Feedback
512,684,2020-11-03,Complaint
513,386,2021-11-01,Feedback
514,993,2020-09-03,Complaint
515,511,2022-03-22,Inquiry
516,385,2021-09-03,Complaint
517,13,2021-04-07,Complaint
518,961,2022-05-19,Feedback
519,165,2020-10-27,Inquiry
520,388,2022-03-01,Complaint
521,639,2020-08-11,Feedback
522,161,2021-03-02,Inquiry
523,70,2020-08-21,Feedback
524,491,2021-05-28,Inquiry
525,631,2022-02-07,Complaint
526,137,2021-04-08,Complaint
527,936,2021-10-05,Complaint
528,808,2020-11-14,Inquiry
529,886,2021-10-27,Inquiry
530,138,2020-07-25,Inquiry
531,942,2021-01-24,Complaint
532,67,2021-02-22,Complaint
533,314,2020-09-27,Inquiry
534,147,2021-06-17,Inquiry
535,319,2020-06-27,Feedback
536,124,2021-03-25,Complaint
537,618,2021-12-07,Complaint
538,614,2020-07-17,Inquiry
539,536,2021-02-13,Complaint
540,480,2022-04-28,Inquiry
541,570,2021-09-11,Inquiry
542,213,2021-05-25,Inquiry
543,722,2022-05-09,Complaint
544,376,2021-12-30,Complaint
545,40,2020-09-07,Inquiry
546,771,2021-12-15,Inquiry
547,449,2021-04-21,Feedback
548,324,2022-05-14,Inquiry
549,228,2021-05-26,Inquiry
550,997,2021-06-24,Inquiry
551,915,2020-07-25,Complaint
552,761,2020-08-16,Complaint
553,301,2021-07-06,Feedback
554,64,2021-07-08,Complaint
555,797,2021-12-22,Feedback
556,845,2020-09-27,Inquiry
557,279,2021-08-24,Inquiry
558,889,2021-11-10,Feedback
559,954,2021-11-02,Inquiry
560,518,2020-09-17,Complaint
561,818,2021-05-06,Feedback
562,609,2020-06-14,Feedback
563,891,2021-04-14,Feedback
564,849,2021-09-09,Complaint
565,856,2020-10-05,Complaint
566,988,2021-10-05,Feedback
567,899,2021-10-07,Inquiry
568,712,2021-06-04,Complaint
569,255,2020-12-27,Feedback
570,326,2022-02-13,Complaint
571,809,2020-08-15,Inquiry
572,407,2021-01-01,Feedback
573,589,2020-10-20,Inquiry
574,532,2021-04-05,Inquiry
575,464,2021-11-02,Complaint
576,92,2020-08-13,Feedback
577,672,2022-01-08,Inquiry
578,524,2022-05-28,Inquiry
579,599,2020-11-15,Feedback
580,199,2021-10-23,Complaint
581,669,2020-08-30,Inquiry
582,890,2021-06-29,Complaint
583,599,2022-02-01,Complaint
584,322,2021-04-12,Inquiry
585,239,2021-10-28,Inquiry
586,485,2021-08-18,Feedback
587,507,2020-12-22,Complaint
588,795,2021-10-29,Feedback
589,180,2021-12-10,Inquiry
590,786,2022-01-27,Complaint
591,496,2020-12-18,Feedback
592,712,2021-05-30,Feedback
593,345,2020-07-14,Feedback
594,900,2021-06-13,Complaint
595,200,2022-05-15,Inquiry
596,939,2022-05-16,Feedback
597,360,2021-10-12,Inquiry
598,874,2021-05-02,Inquiry
599,714,2022-01-21,Complaint
600,411,2021-05-26,Inquiry
601,380,2020-10-25,Inquiry
602,366,2021-01-01,Feedback
603,752,2022-04-21,Complaint
604,735,2022-03-26,Feedback
605,477,2021-06-29,Inquiry
606,434,2022-04-01,Inquiry
607,84,2021-02-19,Complaint
608,941,2021-08-25,Feedback
609,73,2022-01-19,Feedback
610,515,2020-08-15,Inquiry
611,576,2021-12-13,Feedback
612,260,2021-09-25,Feedback
613,484,2021-11-10,Complaint
614,881,2020-09-22,Feedback
615,9,2022-03-16,Inquiry
616,896,2021-06-05,Feedback
617,554,2022-04-14,Complaint
618,811,2020-08-03,Inquiry
619,5,2021-03-16,Complaint
620,516,2021-09-28,Inquiry
621,4,2022-01-20,Complaint
622,63,2021-08-19,Feedback
623,629,2020-07-23,Feedback
624,674,2022-05-19,Feedback
625,626,2020-12-17,Inquiry
626,603,2022-01-02,Complaint
627,625,2020-12-20,Inquiry
628,996,2020-06-06,Inquiry
629,303,2021-11-20,Inquiry
630,744,2022-04-02,Feedback
631,941,2021-10-22,Feedback
632,951,2021-09-27,Complaint
633,20,2020-11-09,Inquiry
634,994,2020-08-03,Feedback
635,275,2020-07-14,Inquiry
636,249,2021-09-05,Feedback
637,546,2021-10-23,Feedback
638,871,2020-06-20,Inquiry
639,354,2020-06-26,Inquiry
640,522,2021-07-30,Complaint
641,296,2020-10-02,Feedback
642,326,2021-08-13,Inquiry
643,137,2021-08-29,Feedback
644,146,2022-03-02,Complaint
645,319,2021-12-07,Complaint
646,502,2021-03-15,Inquiry
647,231,2021-09-07,Feedback
648,902,2022-01-14,Complaint
649,164,2021-05-23,Complaint
650,852,2021-05-11,Inquiry
651,997,2020-11-12,Feedback
652,628,2020-09-30,Complaint
653,829,2021-07-10,Inquiry
654,955,2021-04-04,Feedback
655,601,2021-12-08,Feedback
656,684,2021-04-08,Feedback
657,19,2021-03-05,Inquiry
658,424,2021-09-24,Feedback
659,664,2021-10-04,Feedback
660,929,2021-07-18,Complaint
661,122,2021-05-06,Complaint
662,375,2021-04-06,Feedback
663,932,2020-11-24,Feedback
664,876,2021-04-03,Feedback
665,466,2021-12-30,Inquiry
666,388,2020-12-26,Complaint
667,686,2021-01-03,Complaint
668,182,2021-11-14,Complaint
669,482,2020-08-05,Feedback
670,480,2021-11-26,Inquiry
671,123,2021-02-23,Inquiry
672,741,2020-06-20,Feedback
673,348,2022-02-08,Feedback
674,139,2022-03-15,Inquiry
675,890,2020-06-08,Inquiry
676,296,2020-09-16,Complaint
677,697,2022-04-03,Feedback
678,514,2021-11-24,Complaint
679,234,2020-10-31,Complaint
680,374,2020-11-14,Feedback
681,85,2020-10-05,Inquiry
682,154,2020-11-28,Inquiry
683,972,2022-02-16,Complaint
684,296,2020-07-21,Inquiry
685,186,2022-02-22,Inquiry
686,72,2021-11-22,Feedback
687,635,2021-08-18,Complaint
688,823,2021-08-03,Feedback
689,606,2022-02-28,Complaint
690,170,2021-04-25,Feedback
691,553,2021-08-31,Feedback
692,263,2021-02-10,Feedback
693,766,2022-04-11,Complaint
694,106,2022-03-02,Complaint
695,728,2021-06-10,Inquiry
696,896,2021-02-22,Complaint
697,568,2021-01-24,Complaint
698,336,2021-02-04,Feedback
699,273,2020-08-25,Inquiry
700,455,2020-06-28,Complaint
701,497,2021-02-20,Inquiry
702,194,2021-07-24,Complaint
703,624,2021-10-10,Complaint
704,394,2020-12-04,Complaint
705,750,2021-10-21,Feedback
706,264,2022-01-20,Inquiry
707,600,2021-12-25,Complaint
708,791,2020-08-23,Complaint
709,821,2021-01-08,Complaint
710,409,2020-06-30,Complaint
711,269,2020-07-02,Complaint
712,691,2020-12-02,Complaint
713,427,2021-03-06,Inquiry
714,194,2021-12-19,Feedback
715,948,2021-01-26,Feedback
716,660,2020-06-19,Inquiry
717,221,2020-09-05,Complaint
718,475,2021-04-17,Complaint
719,577,2022-01-28,Feedback
720,281,2021-06-12,Complaint
721,962,2022-01-07,Inquiry
722,405,2021-12-21,Feedback
723,599,2021-12-29,Complaint
724,617,2020-08-28,Inquiry
725,193,2022-04-21,Complaint
726,872,2022-02-19,Feedback
727,368,2020-10-11,Inquiry
728,96,2022-03-25,Feedback
729,354,2021-12-30,Feedback
730,510,2020-09-28,Inquiry
731,293,2021-02-23,Complaint
732,608,2020-09-26,Complaint
733,336,2021-10-07,Inquiry
734,658,2022-02-27,Feedback
735,396,2020-07-29,Inquiry
736,757,2021-04-11,Complaint
737,882,2021-12-04,Feedback
738,704,2021-01-30,Inquiry
739,228,2022-03-07,Inquiry
740,812,2021-01-07,Feedback
741,39,2020-09-25,Complaint
742,857,2022-01-24,Complaint
743,380,2021-07-10,Complaint
744,326,2021-11-11,Feedback
745,247,2022-05-05,Inquiry
746,659,2021-09-21,Inquiry
747,755,2020-11-03,Complaint
748,191,2021-05-23,Feedback
749,475,2021-01-24,Feedback
750,866,2022-04-19,Inquiry
751,266,2021-04-14,Complaint
752,984,2021-06-06,Inquiry
753,125,2021-02-09,Complaint
754,84,2021-01-10,Inquiry
755,462,2021-09-12,Complaint
756,816,2022-01-28,Feedback
757,540,2021-09-26,Complaint
758,952,2022-01-14,Complaint
759,448,2021-02-24,Feedback
760,653,2022-01-30,Complaint
761,886,2021-08-25,Inquiry
762,274,2021-07-25,Feedback
763,563,2021-03-15,Inquiry
764,753,2021-03-17,Complaint
765,602,2021-09-30,Feedback
766,102,2020-07-02,Inquiry
767,811,2021-02-17,Feedback
768,598,2020-10-29,Feedback
769,433,2021-12-26,Inquiry
770,116,2020-11-29,Feedback
771,650,2020-09-02,Feedback
772,394,2022-04-16,Complaint
773,60,2022-04-29,Feedback
774,878,2021-04-06,Complaint
775,69,2021-04-09,Feedback
776,695,2021-12-08,Inquiry
777,117,2020-11-26,Feedback
778,576,2021-01-26,Inquiry
779,274,2022-04-06,Complaint
780,990,2021-11-20,Inquiry
781,153,2021-01-15,Complaint
782,377,2022-03-21,Inquiry
783,18,2022-05-07,Inquiry
784,323,2020-11-04,Inquiry
785,399,2020-12-09,Feedback
786,605,2021-10-12,Complaint
787,610,2020-06-14,Feedback
788,387,2021-07-06,Inquiry
789,92,2022-02-09,Inquiry
790,652,2020-12-01,Feedback
791,233,2021-12-10,Inquiry
792,679,2021-03-17,Inquiry
793,660,2021-02-24,Complaint
794,603,2021-10-07,Feedback
795,692,2022-01-01,Complaint
796,47,2021-06-15,Complaint
797,566,2021-07-17,Inquiry
798,190,2021-03-12,Complaint
799,975,2021-01-23,Feedback
800,783,2020-08-19,Complaint
801,923,2022-03-17,Feedback
802,47,2021-05-17,Inquiry
803,238,2020-09-21,Feedback
804,196,2021-08-09,Inquiry
805,655,2021-02-11,Feedback
806,69,2021-11-28,Inquiry
807,706,2021-04-29,Feedback
808,563,2021-06-15,Complaint
809,292,2020-11-13,Feedback
810,189,2021-02-18,Complaint
811,894,2021-06-30,Inquiry
812,67,2020-11-20,Feedback
813,843,2021-11-14,Feedback
814,628,2021-06-14,Complaint
815,199,2020-10-18,Complaint
816,702,2020-12-27,Complaint
817,144,2022-03-26,Feedback
818,95,2021-07-12,Feedback
819,313,2020-10-09,Inquiry
820,324,2020-08-18,Feedback
821,293,2021-05-28,Feedback
822,223,2021-12-27,Inquiry
823,668,2021-02-18,Inquiry
824,226,2022-05-09,Complaint
825,314,2020-10-03,Inquiry
826,8,2020-09-07,Feedback
827,285,2021-02-26,Feedback
828,143,2021-08-20,Inquiry
829,717,2021-08-24,Feedback
830,476,2020-10-09,Feedback
831,392,2021-10-28,Inquiry
832,55,2022-04-11,Complaint
833,64,2022-04-12,Complaint
834,93,2021-02-10,Inquiry
835,277,2022-03-08,Feedback
836,750,2021-07-08,Inquiry
837,308,2022-02-15,Inquiry
838,839,2022-04-14,Feedback
839,729,2021-12-01,Inquiry
840,693,2022-05-23,Feedback
841,284,2021-07-04,Complaint
842,398,2022-05-15,Inquiry
843,184,2022-04-30,Complaint
844,997,2021-09-11,Complaint
845,287,2020-12-28,Inquiry
846,719,2021-05-24,Complaint
847,968,2021-01-13,Inquiry
848,454,2020-06-14,Feedback
849,237,2021-04-21,Feedback
850,95,2021-09-02,Feedback
851,376,2020-12-16,Feedback
852,212,2021-03-17,Complaint
853,908,2022-03-29,Complaint
854,972,2022-02-03,Complaint
855,920,2021-07-14,Feedback
856,270,2021-09-16,Complaint
857,83,2021-12-16,Inquiry
858,603,2021-08-06,Complaint
859,930,2021-11-25,Inquiry
860,528,2020-11-04,Complaint
861,855,2020-06-18,Inquiry
862,831,2022-05-13,Complaint
863,734,2021-11-07,Inquiry
864,184,2022-04-18,Inquiry
865,220,2022-01-23,Complaint
866,399,2022-03-18,Inquiry
867,462,2020-06-08,Complaint
868,980,2021-05-10,Complaint
869,70,2021-05-21,Feedback
870,80,2021-03-07,Feedback
871,415,2021-09-23,Complaint
872,890,2021-01-31,Feedback
873,668,2020-08-18,Complaint
874,312,2020-11-13,Inquiry
875,566,2021-11-17,Inquiry
876,165,2020-06-09,Inquiry
877,919,2021-08-12,Inquiry
878,862,2020-11-08,Complaint
879,839,2021-03-17,Feedback
880,812,2022-05-06,Feedback
881,199,2021-11-11,Complaint
882,715,2020-11-05,Inquiry
883,567,2020-07-22,Complaint
884,184,2020-08-30,Complaint
885,384,2021-03-29,Inquiry
886,47,2020-08-31,Inquiry
887,129,2021-03-23,Inquiry
888,60,2020-07-19,Feedback
889,137,2021-10-28,Feedback
890,204,2021-06-21,Feedback
891,406,2021-08-31,Inquiry
892,263,2022-03-14,Complaint
893,7,2020-08-31,Inquiry
894,686,2022-04-25,Inquiry
895,332,2021-04-04,Feedback
896,248,2022-04-27,Complaint
897,904,2021-03-13,Inquiry
898,463,2021-12-12,Complaint
899,359,2021-01-31,Inquiry
900,39,2021-06-30,Inquiry
901,392,2020-08-21,Inquiry
902,642,2022-03-15,Inquiry
903,477,2021-07-20,Inquiry
904,858,2021-07-14,Complaint
905,666,2021-01-29,Inquiry
906,832,2021-02-03,Complaint
907,964,2021-08-06,Inquiry
908,55,2022-02-26,Feedback
909,305,2020-12-03,Complaint
910,727,2021-02-22,Feedback
911,977,2021-02-28,Inquiry
912,18,2021-07-30,Complaint
913,969,2020-07-27,Complaint
914,635,2021-01-22,Complaint
915,455,2022-04-05,Inquiry
916,805,2022-04-11,Feedback
917,622,2021-05-09,Inquiry
918,545,2021-12-17,Feedback
919,512,2021-06-28,Feedback
920,323,2021-11-04,Inquiry
921,715,2020-09-18,Complaint
922,192,2021-09-21,Complaint
923,121,2021-05-25,Inquiry
924,386,2021-12-08,Complaint
925,811,2020-09-20,Feedback
926,39,2021-03-29,Feedback
927,254,2020-11-25,Inquiry
928,296,2021-05-04,Complaint
929,779,2020-09-26,Complaint
930,53,2022-05-04,Complaint
931,167,2021-09-16,Complaint
932,425,2022-04-22,Complaint
933,792,2020-08-18,Complaint
934,441,2022-05-22,Complaint
935,436,2021-10-08,Feedback
936,881,2020-10-03,Complaint
937,510,2021-04-24,Complaint
938,499,2021-08-08,Inquiry
939,617,2020-09-05,Inquiry
940,769,2021-06-10,Complaint
941,666,2022-01-18,Inquiry
942,95,2020-09-22,Feedback
943,850,2021-06-21,Feedback
944,95,2021-08-31,Inquiry
945,921,2020-12-12,Complaint
946,468,2022-02-24,Inquiry
947,972,2020-11-30,Inquiry
948,624,2020-07-06,Feedback
949,204,2021-07-18,Inquiry
950,284,2020-06-15,Feedback
951,831,2021-07-31,Feedback
952,436,2020-11-06,Feedback
953,682,2020-06-29,Complaint
954,786,2020-11-02,Feedback
955,968,2021-03-29,Complaint
956,320,2021-06-08,Feedback
957,860,2021-12-03,Complaint
958,669,2021-04-20,Complaint
959,449,2022-04-06,Feedback
960,616,2021-11-10,Complaint
961,297,2021-03-01,Feedback
962,830,2020-10-16,Complaint
963,104,2020-07-06,Complaint
964,193,2020-08-18,Inquiry
965,807,2020-07-04,Feedback
966,993,2020-11-15,Inquiry
967,3,2020-06-12,Complaint
968,271,2022-02-07,Complaint
969,541,2022-02-02,Feedback
970,733,2021-09-29,Inquiry
971,182,2021-08-30,Feedback
972,267,2020-09-27,Complaint
973,957,2020-12-09,Feedback
974,414,2021-03-02,Inquiry
975,303,2021-07-18,Inquiry
976,995,2022-02-26,Feedback
977,370,2020-12-05,Inquiry
978,381,2020-07-22,Feedback
979,154,2021-12-04,Feedback
980,462,2021-11-22,Feedback
981,902,2022-01-07,Complaint
982,772,2021-02-04,Inquiry
983,330,2020-06-21,Feedback
984,819,2021-09-09,Feedback
985,962,2022-02-19,Complaint
986,926,2020-06-27,Complaint
987,560,2021-04-23,Inquiry
988,268,2022-05-16,Feedback
989,85,2021-06-05,Complaint
990,906,2021-09-27,Inquiry
991,146,2022-04-01,Feedback
992,45,2021-10-21,Feedback
993,225,2022-03-14,Inquiry
994,971,2020-08-20,Complaint
995,493,2022-03-25,Feedback
996,692,2020-11-05,Feedback
997,291,2021-08-08,Complaint
998,390,2022-05-09,Feedback
999,166,2022-01-11,Inquiry
1000,894,2021-01-12,Inquiry
1001,676,2021-04-26,Feedback
1002,904,2021-07-26,Feedback
1003,162,2021-04-18,Inquiry
1004,501,2021-05-24,Complaint
1005,485,2021-03-15,Inquiry
1006,585,2020-10-04,Complaint
1007,50,2021-01-16,Complaint
1008,302,2020-07-05,Inquiry
1009,865,2022-05-21,Complaint
1010,198,2021-02-12,Feedback
1011,696,2020-11-25,Feedback
1012,66,2021-06-29,Complaint
1013,573,2022-04-24,Feedback
1014,719,2021-11-11,Inquiry
1015,695,2022-04-03,Inquiry
1016,603,2020-12-20,Complaint
1017,359,2022-04-04,Feedback
1018,417,2022-01-18,Inquiry
1019,176,2021-01-14,Feedback
1020,54,2020-12-18,Complaint
1021,584,2021-03-13,Complaint
1022,959,2021-05-14,Complaint
1023,237,2022-01-14,Inquiry
1024,552,2021-01-29,Feedback
1025,787,2021-05-06,Inquiry
1026,663,2021-06-07,Inquiry
1027,617,2022-02-06,Inquiry
1028,101,2021-02-21,Inquiry
1029,600,2021-01-02,Complaint
1030,869,2021-08-25,Complaint
1031,930,2021-04-10,Feedback
1032,886,2021-03-13,Complaint
1033,251,2021-05-08,Inquiry
1034,134,2021-07-14,Feedback
1035,115,2021-11-25,Feedback
1036,225,2021-01-02,Complaint
1037,459,2020-09-08,Complaint
1038,804,2020-07-30,Inquiry
1039,877,2021-02-24,Feedback
1040,966,2022-04-08,Feedback
1041,489,2021-01-11,Feedback
1042,94,2021-11-21,Complaint
1043,896,2022-01-01,Inquiry
1044,617,2022-01-09,Inquiry
1045,497,2020-06-20,Feedback
1046,479,2021-07-01,Inquiry
1047,961,2020-11-13,Complaint
1048,437,2021-11-18,Feedback
1049,358,2022-02-16,Complaint
1050,283,2020-12-27,Inquiry
1051,774,2021-01-17,Inquiry
1052,999,2022-04-14,Inquiry
1053,941,2021-12-18,Feedback
1054,133,2021-01-14,Feedback
1055,543,2021-01-28,Inquiry
1056,941,2021-04-21,Complaint
1057,110,2022-04-06,Complaint
1058,906,2020-11-04,Feedback
1059,580,2021-12-15,Complaint
1060,34,2021-06-07,Complaint
1061,602,2020-10-24,Complaint
1062,304,2020-10-01,Complaint
1063,662,2021-12-31,Feedback
1064,679,2021-06-27,Inquiry
1065,371,2021-05-02,Complaint
1066,788,2020-08-05,Complaint
1067,620,2022-01-30,Feedback
1068,989,2020-09-01,Complaint
1069,713,2020-06-12,Feedback
1070,391,2022-01-10,Inquiry
1071,787,2022-03-18,Inquiry
1072,979,2020-08-28,Inquiry
1073,510,2021-01-24,Inquiry
1074,75,2020-06-26,Inquiry
1075,316,2021-09-27,Inquiry
1076,339,2021-01-27,Complaint
1077,605,2021-03-27,Inquiry
1078,960,2021-08-09,Inquiry
1079,72,2022-05-23,Inquiry
1080,236,2021-05-13,Complaint
1081,812,2021-09-01,Complaint
1082,200,2020-06-20,Inquiry
1083,624,2020-10-24,Feedback
1084,797,2020-12-30,Feedback
1085,505,2021-04-09,Feedback
1086,361,2020-11-19,Feedback
1087,712,2021-01-09,Complaint
1088,825,2022-02-08,Inquiry
1089,784,2020-10-27,Inquiry
1090,645,2021-04-19,Feedback
1091,174,2021-07-23,Complaint
1092,971,2021-11-29,Complaint
1093,9,2020-07-18,Feedback
1094,915,2020-06-19,Complaint
1095,738,2020-08-09,Inquiry
1096,368,2021-08-17,Inquiry
1097,244,2020-07-11,Feedback
1098,153,2021-12-29,Complaint
1099,318,2020-07-29,Complaint
1100,832,2022-02-15,Inquiry
1101,821,2021-06-27,Feedback
1102,965,2021-03-25,Feedback
1103,230,2021-07-28,Inquiry
1104,511,2020-06-14,Feedback
1105,993,2021-03-31,Complaint
1106,906,2020-10-21,Inquiry
1107,492,2021-04-01,Inquiry
1108,168,2022-05-12,Feedback
1109,44,2022-02-01,Feedback
1110,237,2021-12-06,Inquiry
1111,653,2020-12-12,Feedback
1112,445,2021-06-03,Complaint
1113,923,2022-02-11,Feedback
1114,329,2021-02-15,Complaint
1115,358,2021-04-22,Inquiry
1116,279,2022-03-07,Complaint
1117,747,2021-08-25,Feedback
1118,650,2021-07-15,Complaint
1119,895,2020-07-28,Inquiry
1120,674,2020-08-11,Complaint
1121,143,2020-07-24,Complaint
1122,561,2020-06-03,Inquiry
1123,820,2021-04-08,Inquiry
1124,779,2021-04-20,Inquiry
1125,321,2021-09-13,Complaint
1126,299,2021-08-28,Complaint
1127,813,2022-01-13,Complaint
1128,544,2021-03-11,Feedback
1129,60,2021-02-22,Feedback
1130,502,2021-11-10,Complaint
1131,949,2022-02-22,Feedback
1132,242,2021-12-17,Feedback
1133,967,2021-11-22,Feedback
1134,598,2020-05-31,Complaint
1135,236,2021-04-21,Complaint
1136,958,2021-01-06,Feedback
1137,443,2020-07-18,Feedback
1138,608,2021-01-10,Complaint
1139,371,2020-09-30,Complaint
1140,411,2020-10-25,Feedback
1141,203,2021-08-10,Complaint
1142,91,2020-12-09,Inquiry
1143,935,2020-10-31,Feedback
1144,280,2021-11-14,Feedback
1145,69,2022-01-15,Complaint
1146,753,2021-11-11,Inquiry
1147,635,2020-12-17,Complaint
1148,235,2020-06-12,Feedback
1149,725,2021-06-07,Inquiry
1150,143,2020-12-24,Inquiry
1151,728,2022-03-02,Inquiry
1152,126,2020-10-24,Inquiry
1153,346,2021-12-21,Complaint
1154,546,2021-10-13,Complaint
1155,271,2020-05-31,Inquiry
1156,115,2021-12-22,Inquiry
1157,224,2021-10-21,Inquiry
1158,657,2021-07-05,Feedback
1159,811,2021-06-30,Complaint
1160,39,2021-12-08,Inquiry
1161,178,2020-12-08,Inquiry
1162,424,2020-08-20,Complaint
1163,440,2021-08-09,Feedback
1164,663,2021-06-20,Inquiry
1165,821,2021-05-09,Inquiry
1166,751,2020-10-25,Feedback
1167,690,2020-12-28,Feedback
1168,809,2021-06-03,Inquiry
1169,500,2021-09-29,Complaint
1170,178,2021-11-18,Complaint
1171,184,2021-02-08,Inquiry
1172,560,2022-05-14,Complaint
1173,943,2021-06-22,Feedback
1174,579,2021-12-19,Inquiry
1175,146,2020-09-18,Feedback
1176,869,2022-04-29,Complaint
1177,50,2020-10-22,Feedback
1178,152,2020-09-09,Complaint
1179,449,2022-03-25,Complaint
1180,634,2021-12-31,Complaint
1181,621,2021-12-15,Feedback
1182,503,2022-04-17,Complaint
1183,552,2020-08-06,Complaint
1184,605,2020-09-18,Complaint
1185,140,2022-04-29,Feedback
1186,704,2021-05-26,Complaint
1187,711,2020-09-08,Inquiry
1188,663,2021-10-31,Inquiry
1189,374,2020-11-12,Complaint
1190,823,2021-01-04,Feedback
1191,83,2021-04-30,Complaint
1192,918,2022-05-10,Feedback
1193,663,2021-04-16,Feedback
1194,732,2022-01-02,Feedback
1195,24,2020-09-13,Inquiry
1196,585,2020-07-11,Inquiry
1197,96,2020-12-16,Feedback
1198,705,2022-01-30,Feedback
1199,425,2020-09-02,Inquiry
1200,838,2020-12-20,Complaint
1201,815,2020-12-14,Complaint
1202,879,2021-01-28,Inquiry
1203,24,2020-08-07,Feedback
1204,521,2021-04-29,Feedback
1205,339,2021-09-18,Feedback
1206,99,2020-09-30,Complaint
1207,474,2021-12-08,Feedback
1208,332,2021-12-03,Feedback
1209,42,2020-09-25,Inquiry
1210,884,2020-07-01,Inquiry
1211,729,2021-04-24,Complaint
1212,131,2021-02-23,Inquiry
1213,993,2022-03-20,Inquiry
1214,478,2021-02-02,Complaint
1215,562,2021-01-02,Inquiry
1216,193,2021-03-23,Complaint
1217,833,2021-04-01,Feedback
1218,314,2022-04-24,Inquiry
1219,625,2021-03-03,Feedback
1220,558,2021-05-03,Feedback
1221,712,2021-03-18,Inquiry
1222,115,2021-10-27,Inquiry
1223,241,2020-06-14,Inquiry
1224,812,2021-06-07,Inquiry
1225,769,2020-11-15,Inquiry
1226,271,2022-01-11,Inquiry
1227,109,2020-09-04,Complaint
1228,304,2021-12-13,Inquiry
1229,24,2022-05-02,Complaint
1230,124,2022-02-10,Feedback
1231,429,2021-09-09,Complaint
1232,299,2020-06-27,Inquiry
1233,531,2021-07-09,Complaint
1234,971,2022-05-11,Inquiry
1235,192,2021-09-19,Feedback
1236,833,2022-05-26,Complaint
1237,978,2020-10-29,Feedback
1238,91,2022-03-02,Feedback
1239,905,2021-09-08,Feedback
1240,92,2022-02-16,Feedback
1241,414,2021-08-20,Complaint
1242,74,2021-10-03,Feedback
1243,647,2021-09-16,Feedback
1244,515,2022-02-13,Inquiry
1245,880,2020-07-02,Complaint
1246,867,2022-01-09,Complaint
1247,985,2021-02-07,Feedback
1248,736,2020-06-12,Feedback
1249,936,2020-09-29,Inquiry
1250,978,2021-01-29,Feedback
1251,422,2020-08-24,Complaint
1252,935,2021-11-13,Complaint
1253,966,2020-09-26,Feedback
1254,339,2021-09-24,Feedback
1255,819,2022-01-03,Complaint
1256,355,2020-12-25,Complaint
1257,68,2020-08-01,Inquiry
1258,956,2020-07-30,Inquiry
1259,364,2022-04-10,Feedback
1260,223,2021-01-27,Feedback
1261,452,2020-06-14,Feedback
1262,3,2020-08-10,Feedback
1263,174,2021-08-29,Complaint
1264,519,2020-07-08,Complaint
1265,202,2021-06-03,Complaint
1266,966,2020-10-23,Inquiry
1267,470,2020-12-27,Complaint
1268,728,2022-04-11,Feedback
1269,524,2021-05-01,Complaint
1270,325,2020-09-19,Complaint
1271,750,2021-04-21,Inquiry
1272,699,2021-11-21,Inquiry
1273,293,2021-02-15,Inquiry
1274,525,2020-08-08,Inquiry
1275,555,2021-02-04,Inquiry
1276,210,2021-02-08,Complaint
1277,41,2022-03-06,Complaint
1278,635,2020-10-12,Inquiry
1279,163,2022-02-03,Feedback
1280,485,2021-05-22,Complaint
1281,811,2021-07-12,Complaint
1282,17,2022-02-12,Inquiry
1283,282,2021-08-09,Inquiry
1284,902,2020-11-10,Complaint
1285,414,2021-01-10,Complaint
1286,893,2022-01-14,Inquiry
1287,994,2022-04-03,Inquiry
1288,191,2021-08-24,Inquiry
1289,901,2022-05-12,Feedback
1290,284,2021-01-06,Complaint
1291,489,2021-07-15,Inquiry
1292,425,2022-03-02,Complaint
1293,18,2022-05-02,Inquiry
1294,935,2020-06-18,Inquiry
1295,910,2021-10-01,Complaint
1296,553,2020-09-01,Feedback
1297,87,2020-07-14,Complaint
1298,337,2021-03-17,Complaint
1299,187,2020-08-28,Feedback
1300,677,2021-08-23,Complaint
1301,49,2020-07-12,Feedback
1302,458,2021-03-04,Complaint
1303,359,2021-04-21,Inquiry
1304,830,2020-09-02,Inquiry
1305,599,2022-03-09,Feedback
1306,384,2021-04-16,Inquiry
1307,36,2021-12-18,Feedback
1308,871,2021-09-27,Inquiry
1309,371,2021-04-16,Complaint
1310,840,2021-05-19,Feedback
1311,389,2021-04-26,Feedback
1312,201,2020-06-30,Inquiry
1313,131,2020-08-12,Feedback
1314,811,2021-03-09,Complaint
1315,779,2022-05-10,Inquiry
1316,689,2021-03-25,Complaint
1317,293,2021-05-10,Complaint
1318,796,2021-03-30,Feedback
1319,35,2021-07-09,Inquiry
1320,135,2020-08-09,Feedback
1321,176,2022-05-24,Feedback
1322,558,2022-03-04,Inquiry
1323,107,2021-07-07,Feedback
1324,473,2021-10-08,Complaint
1325,842,2021-03-21,Inquiry
1326,700,2020-12-26,Inquiry
1327,52,2022-05-15,Inquiry
1328,735,2020-07-13,Complaint
1329,213,2021-04-29,Feedback
1330,204,2020-09-03,Inquiry
1331,494,2020-11-13,Inquiry
1332,864,2021-06-10,Feedback
1333,13,2021-07-01,Feedback
1334,458,2021-02-20,Complaint
1335,712,2021-10-13,Feedback
1336,108,2021-07-11,Feedback
1337,672,2021-09-03,Complaint
1338,210,2021-02-17,Complaint
1339,400,2022-05-06,Inquiry
1340,712,2020-11-11,Feedback
1341,666,2021-09-06,Complaint
1342,356,2022-04-30,Feedback
1343,189,2020-09-20,Complaint
1344,208,2020-12-06,Complaint
1345,48,2021-11-30,Feedback
1346,761,2020-11-01,Feedback
1347,787,2021-04-06,Feedback
1348,558,2021-03-12,Feedback
1349,862,2021-01-18,Inquiry
1350,689,2022-05-07,Inquiry
1351,533,2021-07-12,Feedback
1352,22,2021-12-20,Feedback
1353,792,2020-06-04,Feedback
1354,686,2021-02-17,Complaint
1355,90,2020-06-13,Complaint
1356,668,2021-02-26,Feedback
1357,746,2022-05-08,Feedback
1358,529,2020-06-07,Complaint
1359,359,2020-06-09,Feedback
1360,7,2022-01-08,Complaint
1361,472,2021-08-24,Inquiry
1362,540,2022-03-06,Inquiry
1363,513,2022-04-06,Feedback
1364,517,2020-10-18,Complaint
1365,392,2022-05-26,Inquiry
1366,237,2020-08-06,Inquiry
1367,503,2021-07-13,Feedback
1368,562,2021-07-15,Complaint
1369,799,2021-09-03,Inquiry
1370,270,2021-04-05,Inquiry
1371,580,2021-07-11,Feedback
1372,238,2022-05-03,Complaint
1373,155,2021-02-15,Inquiry
1374,665,2021-01-11,Complaint
1375,176,2020-07-10,Feedback
1376,818,2021-03-05,Complaint
1377,77,2022-05-23,Inquiry
1378,632,2021-07-15,Inquiry
1379,284,2020-12-05,Complaint
1380,886,2021-09-05,Feedback
1381,335,2020-09-12,Feedback
1382,260,2021-05-01,Complaint
1383,769,2020-06-20,Feedback
1384,56,2022-01-03,Complaint
1385,577,2021-01-05,Feedback
1386,106,2021-08-01,Complaint
1387,129,2021-01-17,Inquiry
1388,725,2020-12-10,Inquiry
1389,340,2021-11-22,Complaint
1390,843,2021-04-18,Feedback
1391,931,2021-03-01,Inquiry
1392,307,2022-01-17,Inquiry
1393,255,2020-11-19,Inquiry
1394,187,2022-04-02,Complaint
1395,91,2020-06-13,Complaint
1396,492,2020-06-25,Inquiry
1397,867,2022-02-12,Inquiry
1398,429,2020-11-24,Complaint
1399,127,2021-10-15,Feedback
1400,851,2021-09-01,Complaint
1401,629,2021-04-06,Complaint
1402,572,2020-10-05,Complaint
1403,238,2022-05-01,Feedback
1404,949,2021-01-02,Feedback
1405,385,2021-07-04,Feedback
1406,829,2020-06-03,Inquiry
1407,847,2021-12-04,Inquiry
1408,515,2021-11-29,Inquiry
1409,253,2022-05-16,Inquiry
1410,634,2021-01-07,Inquiry
1411,569,2022-02-08,Complaint
1412,705,2022-01-13,Inquiry
1413,393,2022-04-19,Complaint
1414,210,2021-05-22,Feedback
1415,641,2021-12-06,Feedback
1416,108,2020-10-01,Complaint
1417,288,2021-01-13,Complaint
1418,573,2020-08-04,Inquiry
1419,322,2021-05-27,Complaint
1420,823,2021-05-26,Complaint
1421,727,2022-03-12,Inquiry
1422,862,2021-07-01,Feedback
1423,422,2020-08-28,Inquiry
1424,544,2020-11-01,Complaint
1425,751,2022-03-28,Complaint
1426,341,2021-05-06,Complaint
1427,478,2020-07-11,Inquiry
1428,214,2022-02-11,Complaint
1429,473,2021-06-23,Feedback
1430,528,2021-02-17,Inquiry
1431,674,2022-01-11,Inquiry
1432,497,2021-06-20,Inquiry
1433,196,2021-03-25,Inquiry
1434,119,2022-04-05,Feedback
1435,831,2021-06-19,Complaint
1436,423,2021-07-03,Complaint
1437,267,2021-11-22,Complaint
1438,499,2021-06-24,Complaint
1439,419,2021-04-22,Complaint
1440,502,2022-01-13,Complaint
1441,595,2020-06-04,Complaint
1442,504,2021-04-30,Feedback
1443,897,2022-03-18,Complaint
1444,993,2020-07-24,Complaint
1445,682,2020-11-05,Complaint
1446,334,2022-02-11,Complaint
1447,530,2021-04-19,Complaint
1448,112,2021-08-11,Inquiry
1449,614,2020-11-18,Complaint
1450,14,2020-08-26,Feedback
1451,548,2020-08-11,Complaint
1452,830,2021-01-15,Feedback
1453,144,2020-11-19,Complaint
1454,953,2021-03-25,Complaint
1455,475,2022-02-25,Complaint
1456,628,2020-06-10,Feedback
1457,443,2020-06-07,Complaint
1458,540,2020-09-17,Complaint
1459,40,2020-07-11,Feedback
1460,390,2021-02-04,Feedback
1461,955,2021-10-19,Inquiry
1462,296,2020-11-01,Inquiry
1463,290,2021-05-14,Feedback
1464,751,2020-08-30,Complaint
1465,472,2021-06-12,Inquiry
1466,350,2021-12-28,Feedback
1467,163,2022-03-26,Complaint
1468,851,2021-07-27,Feedback
1469,859,2021-04-18,Inquiry
1470,913,2022-02-08,Inquiry
1471,164,2021-02-27,Complaint
1472,477,2022-02-18,Feedback
1473,781,2022-04-04,Feedback
1474,977,2021-04-11,Inquiry
1475,290,2022-05-13,Feedback
1476,642,2021-10-24,Complaint
1477,905,2022-02-21,Inquiry
1478,570,2021-11-27,Inquiry
1479,544,2021-01-04,Complaint
1480,598,2022-05-09,Inquiry
1481,296,2022-01-26,Feedback
1482,17,2020-07-14,Complaint
1483,255,2021-10-06,Inquiry
1484,588,2020-12-27,Feedback
1485,730,2020-08-13,Feedback
1486,780,2021-06-15,Complaint
1487,633,2020-11-20,Feedback
1488,881,2021-07-02,Feedback
1489,925,2021-07-28,Inquiry
1490,824,2021-06-30,Complaint
1491,427,2021-12-04,Feedback
1492,525,2022-02-08,Inquiry
1493,510,2021-06-04,Feedback
1494,211,2022-01-01,Inquiry
1495,702,2020-11-22,Inquiry
1496,694,2020-09-27,Feedback
1497,417,2020-07-25,Complaint
1498,151,2021-11-21,Complaint
1499,840,2020-10-22,Feedback
1500,253,2021-07-27,Complaint
1501,813,2022-05-19,Inquiry
1502,332,2020-12-26,Feedback
1503,391,2021-03-06,Inquiry
1504,375,2021-07-27,Complaint
1505,880,2021-08-03,Complaint
1506,527,2022-05-01,Inquiry
1507,75,2020-08-19,Feedback
1508,198,2021-06-13,Feedback
1509,751,2020-06-12,Inquiry
1510,166,2021-01-20,Inquiry
1511,633,2022-04-08,Feedback
1512,398,2020-10-14,Feedback
1513,202,2021-10-22,Feedback
1514,491,2021-10-26,Inquiry
1515,813,2021-04-16,Complaint
1516,171,2021-01-21,Feedback
1517,542,2021-03-08,Inquiry
1518,292,2021-04-13,Feedback
1519,696,2021-05-06,Inquiry
1520,242,2021-11-24,Inquiry
1521,379,2021-01-07,Complaint
1522,261,2021-11-05,Complaint
1523,517,2022-04-28,Inquiry
1524,967,2021-05-28,Complaint
1525,131,2020-10-20,Complaint
1526,374,2021-12-14,Complaint
1527,707,2020-08-08,Complaint
1528,109,2021-08-12,Feedback
1529,132,2020-09-27,Inquiry
1530,766,2020-06-02,Feedback
1531,349,2021-07-17,Inquiry
1532,482,2021-07-30,Complaint
1533,324,2020-09-29,Complaint
1534,479,2021-05-07,Inquiry
1535,432,2021-07-09,Feedback
1536,771,2022-01-18,Complaint
1537,691,2021-12-12,Inquiry
1538,2,2020-11-19,Inquiry
1539,955,2022-04-24,Feedback
1540,225,2021-08-24,Inquiry
1541,693,2022-05-19,Complaint
1542,460,2022-01-05,Feedback
1543,267,2020-10-11,Complaint
1544,380,2020-10-09,Feedback
1545,952,2022-04-16,Inquiry
1546,185,2020-06-28,Inquiry
1547,59,2022-01-20,Complaint
1548,283,2021-02-22,Inquiry
1549,991,2020-09-07,Feedback
1550,963,2021-03-31,Complaint
1551,958,2021-02-10,Inquiry
1552,161,2020-10-18,Inquiry
1553,525,2021-02-14,Feedback
1554,143,2021-03-27,Complaint
1555,449,2021-10-02,Complaint
1556,548,2020-07-14,Complaint
1557,965,2021-01-06,Complaint
1558,651,2020-07-10,Complaint
1559,640,2022-04-10,Feedback
1560,544,2021-07-23,Feedback
1561,60,2021-02-10,Feedback
1562,112,2022-03-30,Feedback
1563,382,2022-04-09,Complaint
1564,760,2021-08-08,Complaint
1565,108,2022-01-25,Inquiry
1566,830,2022-05-01,Inquiry
1567,654,2021-10-23,Inquiry
1568,314,2021-12-16,Feedback
1569,87,2021-11-07,Feedback
1570,262,2021-08-04,Inquiry
1571,180,2021-01-13,Inquiry
1572,439,2022-05-01,Complaint
1573,5,2022-05-15,Feedback
1574,1000,2021-07-12,Inquiry
1575,558,2020-07-10,Feedback
1576,637,2022-04-18,Feedback
1577,420,2022-04-06,Complaint
1578,576,2020-07-21,Inquiry
1579,72,2020-08-14,Inquiry
1580,233,2021-07-17,Complaint
1581,880,2020-12-14,Complaint
1582,649,2022-02-26,Feedback
1583,96,2022-03-13,Feedback
1584,73,2021-03-15,Complaint
1585,305,2020-10-16,Complaint
1586,202,2022-05-26,Feedback
1587,396,2021-05-12,Inquiry
1588,735,2020-07-15,Feedback
1589,35,2020-12-18,Complaint
1590,721,2022-04-29,Inquiry
1591,420,2021-08-29,Complaint
1592,331,2021-11-20,Inquiry
1593,305,2020-06-15,Complaint
1594,215,2022-03-04,Feedback
1595,451,2020-10-16,Complaint
1596,596,2022-02-16,Inquiry
1597,971,2022-03-15,Feedback
1598,575,2020-09-23,Inquiry
1599,22,2021-01-09,Feedback
1600,671,2020-09-17,Complaint
1601,729,2021-04-10,Complaint
1602,283,2020-07-26,Feedback
1603,890,2020-10-14,Feedback
1604,867,2021-10-04,Complaint
1605,787,2020-09-08,Feedback
1606,826,2021-01-16,Complaint
1607,266,2021-03-15,Inquiry
1608,941,2020-12-27,Inquiry
1609,315,2021-11-04,Feedback
1610,616,2021-11-17,Complaint
1611,41,2021-04-05,Feedback
1612,897,2022-03-03,Inquiry
1613,820,2020-12-25,Inquiry
1614,310,2021-11-18,Feedback
1615,435,2021-12-29,Feedback
1616,393,2022-02-16,Feedback
1617,935,2022-02-12,Complaint
1618,223,2022-02-09,Complaint
1619,71,2021-05-11,Complaint
1620,506,2022-04-23,Complaint
1621,648,2021-01-13,Feedback
1622,350,2021-02-13,Feedback
1623,949,2022-02-16,Inquiry
1624,419,2022-04-28,Feedback
1625,760,2021-01-07,Feedback
1626,159,2022-04-02,Feedback
1627,97,2021-08-20,Inquiry
1628,821,2022-02-26,Inquiry
1629,743,2021-11-18,Feedback
1630,694,2021-05-08,Complaint
1631,335,2021-09-21,Feedback
1632,420,2021-12-04,Feedback
1633,233,2021-06-26,Complaint
1634,619,2020-08-03,Feedback
1635,898,2020-09-27,Complaint
1636,705,2020-11-11,Complaint
1637,11,2021-11-03,Feedback
1638,768,2020-12-14,Feedback
1639,769,2020-12-22,Feedback
1640,814,2021-09-06,Inquiry
1641,826,2020-06-22,Complaint
1642,267,2020-09-16,Feedback
1643,466,2021-06-26,Inquiry
1644,322,2022-04-10,Inquiry
1645,262,2020-07-09,Inquiry
1646,471,2020-12-10,Feedback
1647,611,2020-06-29,Complaint
1648,559,2021-12-15,Inquiry
1649,450,2020-09-02,Feedback
1650,427,2022-04-22,Inquiry
1651,47,2021-09-02,Inquiry
1652,486,2021-02-04,Inquiry
1653,212,2021-09-21,Feedback
1654,47,2021-03-13,Complaint
1655,596,2022-01-12,Feedback
1656,926,2021-11-18,Inquiry
1657,812,2022-05-09,Complaint
1658,302,2021-02-18,Inquiry
1659,892,2021-05-26,Complaint
1660,758,2022-01-29,Inquiry
1661,22,2020-11-21,Inquiry
1662,156,2021-12-02,Complaint
1663,476,2022-02-03,Inquiry
1664,305,2020-07-18,Feedback
1665,161,2022-03-05,Complaint
1666,207,2021-07-17,Feedback
1667,393,2021-06-14,Feedback
1668,46,2021-10-26,Complaint
1669,354,2021-05-19,Complaint
1670,501,2020-08-17,Inquiry
1671,815,2021-09-14,Inquiry
1672,645,2021-10-17,Complaint
1673,176,2022-01-15,Inquiry
1674,944,2021-09-01,Feedback
1675,662,2020-12-23,Inquiry
1676,566,2021-02-18,Complaint
1677,593,2020-12-04,Feedback
1678,695,2020-11-04,Complaint
1679,155,2021-03-16,Complaint
1680,214,2020-08-15,Complaint
1681,556,2021-08-09,Inquiry
1682,506,2020-06-04,Feedback
1683,896,2021-01-20,Complaint
1684,814,2021-01-22,Inquiry
1685,317,2021-06-30,Complaint
1686,937,2022-04-17,Complaint
1687,486,2021-06-26,Feedback
1688,928,2022-05-12,Feedback
1689,474,2022-02-12,Inquiry
1690,285,2022-05-22,Inquiry
1691,941,2021-01-29,Feedback
1692,456,2021-12-20,Feedback
1693,853,2021-02-22,Inquiry
1694,102,2020-11-23,Feedback
1695,322,2021-04-24,Feedback
1696,887,2021-08-02,Feedback
1697,429,2022-04-27,Inquiry
1698,485,2020-11-06,Complaint
1699,506,2022-05-02,Complaint
1700,713,2021-08-19,Feedback
1701,269,2020-12-03,Feedback
1702,791,2021-05-25,Complaint
1703,116,2021-09-01,Inquiry
1704,9,2021-10-21,Feedback
1705,982,2022-03-18,Feedback
1706,421,2021-12-30,Complaint
1707,493,2020-06-06,Inquiry
1708,182,2022-01-04,Complaint
1709,733,2020-12-27,Feedback
1710,172,2020-09-13,Inquiry
1711,677,2021-07-17,Feedback
1712,957,2021-08-09,Feedback
1713,405,2021-05-09,Feedback
1714,272,2020-10-17,Feedback
1715,305,2021-06-03,Inquiry
1716,482,2020-06-01,Feedback
1717,790,2020-07-03,Complaint
1718,234,2022-01-03,Feedback
1719,863,2022-03-14,Feedback
1720,275,2022-05-09,Feedback
1721,203,2022-02-07,Inquiry
1722,15,2021-01-09,Complaint
1723,97,2021-04-14,Complaint
1724,659,2020-11-23,Complaint
1725,106,2022-03-31,Complaint
1726,77,2021-12-14,Feedback
1727,136,2020-08-07,Inquiry
1728,694,2021-03-20,Inquiry
1729,715,2020-09-02,Inquiry
1730,608,2022-02-25,Inquiry
1731,915,2021-07-11,Inquiry
1732,775,2020-07-22,Feedback
1733,871,2021-04-03,Inquiry
1734,546,2022-02-20,Complaint
1735,892,2022-01-15,Complaint
1736,759,2022-04-25,Inquiry
1737,815,2020-07-10,Inquiry
1738,24,2022-02-14,Inquiry
1739,512,2020-08-15,Inquiry
1740,239,2022-05-17,Complaint
1741,713,2022-03-25,Inquiry
1742,507,2021-04-16,Feedback
1743,554,2020-10-06,Inquiry
1744,393,2021-12-19,Complaint
1745,957,2021-10-20,Feedback
1746,953,2022-04-01,Inquiry
1747,472,2021-07-01,Complaint
1748,998,2020-07-05,Feedback
1749,515,2020-09-24,Complaint
1750,679,2021-10-25,Inquiry
1751,900,2021-03-16,Complaint
1752,610,2021-04-25,Complaint
1753,480,2020-10-19,Complaint
1754,563,2021-03-11,Complaint
1755,818,2021-04-15,Feedback
1756,855,2020-08-12,Complaint
1757,11,2020-12-17,Inquiry
1758,600,2021-08-16,Inquiry
1759,115,2021-07-23,Feedback
1760,841,2021-01-30,Complaint
1761,815,2020-08-04,Feedback
1762,678,2022-05-16,Complaint
1763,397,2021-02-15,Inquiry
1764,437,2021-10-08,Inquiry
1765,777,2022-04-11,Feedback
1766,443,2021-06-29,Feedback
1767,895,2021-07-06,Inquiry
1768,116,2021-04-07,Feedback
1769,578,2021-02-14,Complaint
1770,39,2021-06-02,Feedback
1771,822,2021-06-07,Complaint
1772,437,2021-03-22,Inquiry
1773,890,2021-08-26,Inquiry
1774,924,2021-11-24,Inquiry
1775,525,2021-05-14,Inquiry
1776,452,2020-07-14,Feedback
1777,329,2020-07-03,Feedback
1778,596,2020-09-04,Inquiry
1779,64,2022-04-26,Complaint
1780,866,2022-04-14,Complaint
1781,65,2021-06-03,Inquiry
1782,813,2022-05-27,Inquiry
1783,313,2022-03-28,Complaint
1784,77,2021-03-10,Inquiry
1785,658,2020-08-04,Inquiry
1786,972,2021-05-14,Inquiry
1787,829,2021-04-24,Complaint
1788,840,2021-02-18,Feedback
1789,527,2021-11-06,Feedback
1790,86,2021-01-15,Inquiry
1791,873,2022-04-25,Inquiry
1792,39,2022-03-05,Feedback
1793,373,2020-06-01,Feedback
1794,128,2020-10-23,Feedback
1795,889,2021-02-27,Complaint
1796,276,2020-09-15,Inquiry
1797,319,2020-06-02,Feedback
1798,596,2021-10-16,Complaint
1799,711,2021-03-29,Complaint
1800,802,2020-09-19,Complaint
1801,197,2021-04-21,Feedback
1802,568,2021-03-21,Inquiry
1803,203,2020-05-30,Complaint
1804,741,2021-04-15,Inquiry
1805,941,2022-05-01,Feedback
1806,667,2021-11-22,Inquiry
1807,832,2021-07-10,Complaint
1808,819,2020-07-17,Complaint
1809,85,2022-03-07,Inquiry
1810,907,2021-11-30,Feedback
1811,404,2020-11-03,Inquiry
1812,569,2020-10-22,Complaint
1813,412,2021-02-17,Inquiry
1814,362,2021-09-10,Inquiry
1815,680,2021-03-26,Feedback
1816,979,2021-04-08,Complaint
1817,274,2022-01-01,Complaint
1818,945,2021-01-29,Complaint
1819,175,2022-04-24,Complaint
1820,836,2021-05-20,Complaint
1821,923,2022-02-03,Inquiry
1822,528,2021-04-09,Feedback
1823,49,2020-07-30,Feedback
1824,638,2021-08-19,Feedback
1825,927,2021-06-15,Complaint
1826,649,2020-08-19,Inquiry
1827,628,2021-02-03,Complaint
1828,779,2021-10-03,Inquiry
1829,720,2021-02-18,Inquiry
1830,946,2022-05-04,Feedback
1831,166,2021-06-16,Inquiry
1832,913,2021-11-01,Inquiry
1833,741,2021-05-24,Feedback
1834,571,2021-03-05,Inquiry
1835,273,2021-07-31,Inquiry
1836,41,2022-04-21,Feedback
1837,908,2021-10-01,Inquiry
1838,809,2021-07-11,Feedback
1839,762,2022-02-20,Inquiry
1840,640,2021-10-14,Complaint
1841,850,2022-03-23,Inquiry
1842,534,2022-02-13,Complaint
1843,487,2021-06-03,Complaint
1844,635,2020-11-16,Complaint
1845,544,2021-08-27,Complaint
1846,585,2021-05-27,Feedback
1847,604,2021-05-25,Feedback
1848,852,2021-04-24,Complaint
1849,648,2021-06-20,Feedback
1850,601,2020-10-19,Feedback
1851,936,2020-10-22,Inquiry
1852,77,2021-01-25,Complaint
1853,326,2022-05-27,Feedback
1854,184,2020-09-08,Inquiry
1855,84,2020-12-07,Feedback
1856,819,2021-11-25,Complaint
1857,526,2022-02-18,Feedback
1858,651,2021-06-09,Complaint
1859,515,2020-08-17,Inquiry
1860,101,2022-01-31,Feedback
1861,188,2021-06-13,Inquiry
1862,340,2020-08-22,Feedback
1863,325,2021-12-20,Complaint
1864,885,2021-09-29,Complaint
1865,106,2021-05-27,Complaint
1866,964,2020-08-05,Feedback
1867,592,2021-11-10,Complaint
1868,877,2020-11-09,Feedback
1869,517,2021-04-16,Inquiry
1870,927,2020-12-04,Complaint
1871,632,2021-08-14,Inquiry
1872,981,2020-10-28,Feedback
1873,80,2020-10-20,Inquiry
1874,620,2020-05-30,Feedback
1875,353,2020-06-25,Feedback
1876,623,2020-06-21,Inquiry
1877,554,2020-11-06,Feedback
1878,581,2021-09-10,Feedback
1879,820,2020-11-22,Inquiry
1880,353,2020-12-20,Inquiry
1881,509,2021-06-30,Complaint
1882,703,2020-06-06,Inquiry
1883,235,2020-12-09,Feedback
1884,341,2021-10-30,Complaint
1885,117,2021-04-18,Complaint
1886,470,2021-11-12,Complaint
1887,729,2022-02-09,Inquiry
1888,733,2020-07-02,Inquiry
1889,453,2022-04-05,Inquiry
1890,644,2021-11-13,Feedback
1891,224,2022-02-06,Feedback
1892,42,2020-11-21,Feedback
1893,980,2021-07-08,Feedback
1894,471,2021-08-30,Complaint
1895,278,2021-04-04,Feedback
1896,333,2021-01-21,Complaint
1897,441,2021-03-06,Feedback
1898,722,2020-08-18,Inquiry
1899,563,2021-12-30,Feedback
1900,623,2021-11-26,Complaint
1901,347,2020-08-05,Feedback
1902,116,2022-05-15,Feedback
1903,979,2020-11-13,Inquiry
1904,75,2020-08-24,Complaint
1905,422,2020-10-28,Complaint
1906,176,2020-07-18,Inquiry
1907,172,2022-02-02,Feedback
1908,64,2021-05-05,Inquiry
1909,145,2022-01-02,Feedback
1910,995,2022-01-17,Feedback
1911,316,2022-04-06,Feedback
1912,887,2020-09-06,Complaint
1913,860,2020-07-04,Complaint
1914,507,2021-09-08,Feedback
1915,519,2022-05-15,Inquiry
1916,461,2022-02-22,Feedback
1917,866,2020-12-23,Complaint
1918,95,2020-10-20,Complaint
1919,905,2021-08-16,Inquiry
1920,369,2020-08-09,Inquiry
1921,952,2021-12-28,Feedback
1922,56,2021-12-30,Feedback
1923,904,2021-01-02,Feedback
1924,228,2021-08-23,Inquiry
1925,96,2020-08-22,Feedback
1926,614,2020-06-06,Complaint
1927,42,2021-10-26,Inquiry
1928,132,2021-01-12,Complaint
1929,336,2021-09-01,Feedback
1930,586,2022-01-02,Inquiry
1931,136,2021-11-04,Inquiry
1932,602,2021-02-19,Inquiry
1933,817,2020-12-29,Complaint
1934,980,2021-08-06,Inquiry
1935,909,2021-08-07,Complaint
1936,126,2020-12-15,Complaint
1937,464,2021-05-22,Complaint
1938,491,2021-12-06,Feedback
1939,100,2020-09-22,Inquiry
1940,874,2022-03-17,Inquiry
1941,882,2020-08-11,Inquiry
1942,521,2021-03-06,Inquiry
1943,905,2021-07-13,Complaint
1944,622,2020-12-04,Feedback
1945,707,2020-06-19,Inquiry
1946,923,2021-01-07,Complaint
1947,846,2021-02-22,Complaint
1948,763,2022-04-04,Complaint
1949,50,2022-02-20,Inquiry
1950,720,2021-02-22,Complaint
1951,580,2022-01-02,Feedback
1952,590,2021-09-29,Complaint
1953,641,2020-12-16,Inquiry
1954,741,2021-04-19,Feedback
1955,171,2021-08-02,Feedback
1956,74,2021-01-08,Feedback
1957,209,2021-07-02,Feedback
1958,763,2020-07-15,Feedback
1959,886,2022-03-22,Feedback
1960,566,2021-08-07,Complaint
1961,340,2021-10-22,Complaint
1962,955,2022-03-03,Inquiry
1963,605,2021-10-01,Inquiry
1964,620,2021-12-20,Complaint
1965,186,2021-01-22,Inquiry
1966,312,2021-04-08,Inquiry
1967,200,2020-09-05,Complaint
1968,672,2021-04-13,Complaint
1969,838,2020-08-02,Feedback
1970,798,2021-08-03,Complaint
1971,779,2022-04-12,Complaint
1972,35,2021-05-24,Complaint
1973,601,2021-11-18,Feedback
1974,5,2020-09-13,Feedback
1975,508,2020-09-29,Complaint
1976,489,2021-06-11,Complaint
1977,285,2020-11-22,Feedback
1978,384,2021-09-22,Complaint
1979,304,2021-08-17,Inquiry
1980,634,2021-11-13,Complaint
1981,81,2021-10-15,Inquiry
1982,591,2021-05-01,Inquiry
1983,982,2020-06-05,Inquiry
1984,856,2021-05-08,Feedback
1985,533,2020-09-20,Feedback
1986,691,2020-09-13,Inquiry
1987,552,2022-05-01,Inquiry
1988,254,2021-04-17,Complaint
1989,790,2020-09-06,Inquiry
1990,847,2020-08-11,Inquiry
1991,848,2020-08-30,Complaint
1992,790,2022-05-10,Feedback
1993,605,2020-12-19,Feedback
1994,716,2021-02-11,Complaint
1995,782,2020-09-22,Inquiry
1996,757,2021-06-17,Feedback
1997,86,2021-07-14,Complaint
1998,697,2022-02-19,Inquiry
1999,64,2021-08-16,Inquiry
2000,809,2020-09-10,Inquiry
